response,contrast,estimate,SE,df,t.ratio,p.value
emergence_pct,T0 - T1,6.599999999999996,2.565497569240279,10,2.5726003716130803,0.14961183853957372
emergence_pct,T0 - T2,10.433333333333318,2.5654975692402777,10,4.0667874561358275,0.015090720792997558
emergence_pct,T0 - T3,18.16666666666666,2.5654975692402777,10,7.081147487520858,2.526459451126506e-4
emergence_pct,T0 - T4,24.699999999999992,2.565497569240278,10,9.627761996794412,1.733202363696229e-5
emergence_pct,T1 - T2,3.8333333333333215,2.565497569240279,10,1.494187084522745,0.5878541571680711
emergence_pct,T1 - T3,11.566666666666665,2.5654975692402786,10,4.508547115907775,0.007763943531914008
emergence_pct,T1 - T4,18.099999999999994,2.5654975692402786,10,7.05516162518133,2.6051847670682804e-4
emergence_pct,T2 - T3,7.733333333333343,2.565497569240278,10,3.01436003138503,0.0767138160157943
emergence_pct,T2 - T4,14.266666666666675,2.565497569240278,10,5.560974540658586,0.0017364494936710217
emergence_pct,T3 - T4,6.533333333333331,2.565497569240278,10,2.5466145092735557,0.1554470842807386
plant_height_cm,T0 - T1,5.933333333333331,1.4077562920398472,10,4.21474467340927,0.012055303265736006
plant_height_cm,T0 - T2,11.466666666666658,1.4077562920398465,10,8.145349256476344,7.648937984394699e-5
plant_height_cm,T0 - T3,17.26666666666666,1.4077562920398465,10,12.265380566438218,1.8473273155628078e-6
plant_height_cm,T0 - T4,21.66666666666666,1.4077562920398468,10,15.390921560202399,2.2023521717429162e-7
plant_height_cm,T1 - T2,5.533333333333327,1.407756292039847,10,3.93060458306707,0.018584024595465154
plant_height_cm,T1 - T3,11.333333333333329,1.407756292039847,10,8.050635893028945,8.467347410801018e-5
plant_height_cm,T1 - T4,15.73333333333333,1.407756292039847,10,11.176176886793126,4.414929450025085e-6
plant_height_cm,T2 - T3,5.800000000000001,1.4077562920398468,10,4.120031309961874,0.013916211437444037
plant_height_cm,T2 - T4,10.200000000000003,1.4077562920398468,10,7.245572303726056,2.0842131453602253e-4
plant_height_cm,T3 - T4,4.400000000000002,1.4077562920398468,10,3.1255409937641816,0.06462219980143902
leaves_per_plant,T0 - T1,0.6666666666666674,0.5163977794943222,10,1.2909944487358072,0.7022911210132932
leaves_per_plant,T0 - T2,1.6666666666666665,0.516397779494322,10,3.2274861218395157,0.055184880230074396
leaves_per_plant,T0 - T3,2.9999999999999996,0.516397779494322,10,5.809475019311128,0.0012432325755478146
leaves_per_plant,T0 - T4,2.333333333333334,0.5163977794943221,10,4.518480570575322,0.007650445235678038
leaves_per_plant,T1 - T2,0.9999999999999991,0.5163977794943222,10,1.936491673103707,0.35933726167349855
leaves_per_plant,T1 - T3,2.333333333333332,0.5163977794943221,10,4.518480570575319,0.007650445235678038
leaves_per_plant,T1 - T4,1.6666666666666665,0.5163977794943222,10,3.2274861218395143,0.055184880230074396
leaves_per_plant,T2 - T3,1.333333333333333,0.516397779494322,10,2.581988897471612,0.14755253954825398
leaves_per_plant,T2 - T4,0.6666666666666674,0.5163977794943221,10,1.2909944487358074,0.7022911210132932
leaves_per_plant,T3 - T4,-0.6666666666666656,0.5163977794943221,10,-1.290994448735804,0.702291121013295
root_length_cm,T0 - T1,2.199999999999994,0.6905714220041905,10,3.1857675106437346,0.05887084217640404
root_length_cm,T0 - T2,5.299999999999989,0.6905714220041902,10,7.674803548369006,1.2786315577340002e-4
root_length_cm,T0 - T3,9.333333333333323,0.6905714220041903,10,13.515377317882537,7.38357530449818e-7
root_length_cm,T0 - T4,12.233333333333325,0.6905714220041903,10,17.714798127367477,5.990909546227385e-8
root_length_cm,T1 - T2,3.099999999999995,0.6905714220041904,10,4.489036037725269,0.007992038158677994
root_length_cm,T1 - T3,7.133333333333329,0.6905714220041904,10,10.3296098072388,9.134796105758625e-6
root_length_cm,T1 - T4,10.033333333333331,0.6905714220041904,10,14.529030616723738,3.748638512934832e-7
root_length_cm,T2 - T3,4.033333333333334,0.6905714220041903,10,5.840573769513532,0.0011929565460782054
root_length_cm,T2 - T4,6.933333333333336,0.6905714220041903,10,10.03999457899847,1.1845877741056832e-5
root_length_cm,T3 - T4,2.900000000000002,0.6905714220041904,10,4.199420809484939,0.01233791897722658
shoot_fresh_weight_g,T0 - T1,1.6100000000000032,0.8707978461668868,10,1.848879171080827,0.4000074786425989
shoot_fresh_weight_g,T0 - T2,4.616666666666668,0.8707978461668863,10,5.3016514533063,0.002480881415846903
shoot_fresh_weight_g,T0 - T3,7.28666666666667,0.8707978461668864,10,8.367805109694997,6.0449307030974175e-5
shoot_fresh_weight_g,T0 - T4,10.510000000000003,0.8707978461668864,10,12.069391359043149,2.150074440043781e-6
shoot_fresh_weight_g,T1 - T2,3.006666666666665,0.8707978461668866,10,3.4527722822254705,0.038896984101387866
shoot_fresh_weight_g,T1 - T3,5.676666666666667,0.8707978461668865,10,6.518925938614168,4.991838129851933e-4
shoot_fresh_weight_g,T1 - T4,8.9,0.8707978461668866,10,10.220512187962319,1.0067260266310996e-5
shoot_fresh_weight_g,T2 - T3,2.6700000000000017,0.8707978461668864,10,3.066153656388698,0.07082983926233455
shoot_fresh_weight_g,T2 - T4,5.893333333333335,0.8707978461668865,10,6.767739905736849,3.676505620536785e-4
shoot_fresh_weight_g,T3 - T4,3.2233333333333336,0.8707978461668865,10,3.7015862493481513,0.026446717965027178
shoot_dry_weight_g,T0 - T1,0.37999999999999867,0.18245242911205378,10,2.0827346714393173,0.29784160163603346
shoot_dry_weight_g,T0 - T2,0.5699999999999984,0.18245242911205367,10,3.1241020071589802,0.0647661387263444
shoot_dry_weight_g,T0 - T3,1.5133333333333319,0.18245242911205367,10,8.294399480995201,6.529677916788934e-5
shoot_dry_weight_g,T0 - T4,1.8333333333333321,0.1824524291120537,10,10.048281309575687,1.1757129928513521e-5
shoot_dry_weight_g,T1 - T2,0.18999999999999972,0.18245242911205375,10,1.041367335719661,0.8309685124213744
shoot_dry_weight_g,T1 - T3,1.1333333333333333,0.18245242911205373,10,6.211664809555882,7.356254434660592e-4
shoot_dry_weight_g,T1 - T4,1.4533333333333336,0.18245242911205373,10,7.965546638136368,9.28397766635225e-5
shoot_dry_weight_g,T2 - T3,0.9433333333333335,0.1824524291120537,10,5.1702974738362215,0.0029816021156373607
shoot_dry_weight_g,T2 - T4,1.2633333333333336,0.18245242911205373,10,6.9241793024167055,3.044449116402781e-4
shoot_dry_weight_g,T3 - T4,0.3200000000000003,0.1824524291120537,10,1.7538818285804862,0.4470926647151121
root_fresh_weight_g,T0 - T1,0.33333333333333137,0.24143091949642378,10,1.3806571835479793,0.6520621121803883
root_fresh_weight_g,T0 - T2,1.8933333333333306,0.24143091949642365,10,7.842132802552562,1.062398135888154e-4
root_fresh_weight_g,T0 - T3,2.3366666666666642,0.24143091949642367,10,9.678406856671385,1.6528758785883113e-5
root_fresh_weight_g,T0 - T4,3.7033333333333314,0.2414309194964237,10,15.339101309218137,2.2715547798313196e-7
root_fresh_weight_g,T1 - T2,1.5599999999999992,0.24143091949642376,10,6.461475619004578,5.362609648831285e-4
root_fresh_weight_g,T1 - T3,2.003333333333333,0.24143091949642373,10,8.297749673123404,6.506658174854074e-5
root_fresh_weight_g,T1 - T4,3.37,0.24143091949642376,10,13.958444125670153,5.450329696454759e-7
root_fresh_weight_g,T2 - T3,0.4433333333333336,0.24143091949642367,10,1.8362740541188252,0.4060829619279086
root_fresh_weight_g,T2 - T4,1.8100000000000007,0.2414309194964237,10,7.496968506665577,1.5618242387049897e-4
root_fresh_weight_g,T3 - T4,1.3666666666666671,0.2414309194964237,10,5.660694452546752,0.0015171734226937517
root_dry_weight_g,T0 - T1,0.22999999999999954,0.10097304370749434,10,2.277835663410121,0.22855321111893323
root_dry_weight_g,T0 - T2,0.3599999999999994,0.10097304370749428,10,3.5653079949028013,0.03266261977592644
root_dry_weight_g,T0 - T3,0.5833333333333327,0.10097304370749428,10,5.777119436185099,0.0012979543314873832
root_dry_weight_g,T0 - T4,0.9533333333333327,0.1009730437074943,10,9.44146376427965,2.0673525327419284e-5
root_dry_weight_g,T1 - T2,0.12999999999999984,0.10097304370749433,10,1.2874723314926784,0.704240199099931
root_dry_weight_g,T1 - T3,0.35333333333333317,0.10097304370749431,10,3.4992837727749753,0.03618675768797697
root_dry_weight_g,T1 - T4,0.7233333333333332,0.10097304370749433,10,7.163628100869525,2.2931342422349843e-4
root_dry_weight_g,T2 - T3,0.22333333333333333,0.1009730437074943,10,2.211811441282297,0.2503888181445013
root_dry_weight_g,T2 - T4,0.5933333333333333,0.1009730437074943,10,5.876155769376848,0.0011380872862220004
root_dry_weight_g,T3 - T4,0.37,0.1009730437074943,10,3.664344328094552,0.028015428428707856
total_dry_biomass_g,T0 - T1,0.6099999999999983,0.20049937655763467,10,3.042403475128265,0.07347154097336173
total_dry_biomass_g,T0 - T2,0.9299999999999975,0.20049937655763453,10,4.6384184129004735,0.006409483842563235
total_dry_biomass_g,T0 - T3,2.096666666666664,0.20049937655763456,10,10.45722287352832,8.161677669149547e-6
total_dry_biomass_g,T0 - T4,2.786666666666664,0.20049937655763458,10,13.898630083099645,5.674570258129563e-7
total_dry_biomass_g,T1 - T2,0.3199999999999992,0.20049937655763464,10,1.596014937772205,0.5310656327549726
total_dry_biomass_g,T1 - T3,1.4866666666666657,0.2004993765576346,10,7.414819398400051,1.714970039916608e-4
total_dry_biomass_g,T1 - T4,2.176666666666666,0.20049937655763464,10,10.856226607971378,5.779576522924046e-6
total_dry_biomass_g,T2 - T3,1.1666666666666665,0.20049937655763458,10,5.818804460627847,0.0012279162514583497
total_dry_biomass_g,T2 - T4,1.8566666666666665,0.20049937655763458,10,9.260211670199174,2.4607614905303166e-5
total_dry_biomass_g,T3 - T4,0.69,0.20049937655763458,10,3.441407209571327,0.039589655009180325
relative_growth_pct,T0 - T1,10.333333333333318,3.4108975684154266,10,3.029505614304856,0.0749459233224331
relative_growth_pct,T0 - T2,15.766666666666637,3.4108975684154244,10,4.622439211503863,0.006561827171923884
relative_growth_pct,T0 - T3,35.53333333333331,3.410897568415425,10,10.417590273706391,8.45123304626938e-6
relative_growth_pct,T0 - T4,47.23333333333331,3.410897568415425,10,13.847772436999962,5.873434218983675e-7
relative_growth_pct,T1 - T2,5.433333333333319,3.4108975684154257,10,1.5929335971990037,0.5327611615441616
relative_growth_pct,T1 - T3,25.199999999999992,3.4108975684154257,10,7.388084659401532,1.7682542269092938e-4
relative_growth_pct,T1 - T4,36.89999999999999,3.4108975684154257,10,10.8182668226951,5.9698068164415474e-6
relative_growth_pct,T2 - T3,19.766666666666673,3.410897568415425,10,5.795151062202529,0.0012671475152266076
relative_growth_pct,T2 - T4,31.466666666666676,3.4108975684154252,10,9.2253332254961,2.5454363590027285e-5
relative_growth_pct,T3 - T4,11.700000000000003,3.4108975684154252,10,3.4301821632935705,0.04028593198617669
